{"width":2048,"imagePath":"NewProject_tex.png","height":1024,"name":"NewProject","SubTexture":[{"y":313,"frameX":-974,"frameHeight":2251,"frameY":-923,"width":302,"frameWidth":2251,"height":292,"name":"bear2-12","x":697},{"y":1,"frameX":-962,"frameHeight":2251,"frameY":-890,"width":327,"frameWidth":2251,"height":310,"name":"bear2-11","x":697},{"y":779,"frameX":-1000,"frameHeight":2251,"frameY":-1108,"width":243,"frameWidth":2251,"height":180,"name":"bear2-14","x":505},{"y":779,"frameX":-955,"frameHeight":2251,"frameY":-969,"width":247,"frameWidth":2251,"height":197,"name":"bear2-16","x":1},{"y":1,"frameX":-754,"frameHeight":2251,"frameY":-743,"width":694,"frameWidth":2251,"height":776,"name":"bear2-10","x":1},{"y":607,"frameX":-999,"frameHeight":2251,"frameY":-1062,"width":253,"frameWidth":2251,"height":165,"name":"bear2-13","x":697},{"y":779,"frameX":-908,"frameHeight":2251,"frameY":-917,"width":253,"frameWidth":2251,"height":187,"name":"bear2-15","x":250}]}