{"frameRate":24,"isGlobal":0,"name":"NewProject","version":"5.5","armature":[{"ik":[],"type":"Armature","name":"Armature","bone":[{"transform":{},"name":"root"}],"skin":[{"slot":[{"display":[{"path":"bear2-14","type":"image","name":"bear2-14","transform":{"y":-104.5,"x":-335.5}}],"name":"bear2-14"},{"display":[],"name":"bear2-08"},{"display":[{"path":"bear2-12","type":"image","name":"bear2-12","transform":{"y":-227.5,"x":-188.5}}],"name":"bear2-12"},{"display":[{"path":"bear2-13","type":"image","name":"bear2-13","transform":{"y":-31.5,"x":330.5}}],"name":"bear2-13"},{"display":[{"path":"bear2-10","type":"image","name":"bear2-10","transform":{"y":-81.5,"x":39.5}}],"name":"bear2-10"},{"display":[{"path":"bear2-15","type":"image","name":"bear2-15","transform":{"y":408.5,"x":-100.5}}],"name":"bear2-15"},{"display":[{"path":"bear2-16","type":"image","name":"bear2-16","transform":{"y":323.5,"x":261.5}}],"name":"bear2-16"},{"display":[{"path":"bear2-11","type":"image","name":"bear2-11","transform":{"y":-228.5,"x":241.5}}],"name":"bear2-11"}],"name":""}],"animation":[{"ffd":[],"ik":[],"frame":[],"slot":[{"colorFrame":[],"displayFrame":[],"name":"bear2-08"},{"colorFrame":[],"displayFrame":[],"name":"bear2-10"},{"colorFrame":[],"displayFrame":[],"name":"bear2-11"},{"colorFrame":[],"displayFrame":[],"name":"bear2-12"},{"colorFrame":[],"displayFrame":[],"name":"bear2-13"},{"colorFrame":[],"displayFrame":[],"name":"bear2-14"},{"colorFrame":[],"displayFrame":[],"name":"bear2-15"},{"colorFrame":[],"displayFrame":[],"name":"bear2-16"}],"playTimes":0,"duration":0,"name":"animtion0","bone":[{"rotateFrame":[],"scaleFrame":[],"name":"root","translateFrame":[]}]}],"slot":[{"color":{"aM":44},"name":"bear2-08","parent":"root","displayIndex":-1},{"z":1,"color":{},"name":"bear2-12","parent":"root"},{"z":2,"color":{},"name":"bear2-11","parent":"root"},{"z":3,"color":{},"name":"bear2-14","parent":"root"},{"z":4,"color":{},"name":"bear2-16","parent":"root"},{"z":5,"color":{},"name":"bear2-10","parent":"root"},{"z":6,"color":{},"name":"bear2-13","parent":"root"},{"z":7,"color":{},"name":"bear2-15","parent":"root"}],"frameRate":24,"defaultActions":[{"gotoAndPlay":"animtion0"}],"aabb":{"width":2917,"y":-1354,"height":2888,"x":-1461}}]}